INSERT INTO cause (cause_name) VALUES ('Illness (Aids/STD)');
INSERT INTO cause (cause_name) VALUES ('Bankruptcy or Sudden change in Economic');
INSERT INTO cause (cause_name) VALUES ('Cancellation/Non-Settlement of Marriage');
INSERT INTO cause (cause_name) VALUES ('Physical Abuse (Rape/Incest Etc.)');
INSERT INTO cause (cause_name) VALUES ('Dowry Dispute');
INSERT INTO cause (cause_name) VALUES ('Family Problems');
INSERT INTO cause (cause_name) VALUES ('Ideological Causes/Hero Worshipping');
INSERT INTO cause (cause_name) VALUES ('Other Prolonged Illness');
INSERT INTO cause (cause_name) VALUES ('Property Dispute');
INSERT INTO cause (cause_name) VALUES ('Fall in Social Reputation');
INSERT INTO cause (cause_name) VALUES ('Illegitimate Pregnancy');
INSERT INTO cause (cause_name) VALUES ('Failure in Examination');
INSERT INTO cause (cause_name) VALUES ('Insanity/Mental Illness');
INSERT INTO cause (cause_name) VALUES ('Love Affairs');
INSERT INTO cause (cause_name) VALUES ('Professional/Career Problem');

INSERT INTO human (human_id, gender, age) VALUES (1, 'male', '0-14');
INSERT INTO human (human_id, gender, age) VALUES (2, 'male', '0-14');
INSERT INTO human (human_id, gender, age) VALUES (3, 'male', '0-14');
INSERT INTO human (human_id, gender, age) VALUES (4, 'male', '15-29');
INSERT INTO human (human_id, gender, age) VALUES (5, 'male', '15-29');
INSERT INTO human (human_id, gender, age) VALUES (6, 'male', '15-29');
INSERT INTO human (human_id, gender, age) VALUES (7, 'male', '15-29');
INSERT INTO human (human_id, gender, age) VALUES (8, 'male', '15-29');
INSERT INTO human (human_id, gender, age) VALUES (9, 'male', '15-29');
INSERT INTO human (human_id, gender, age) VALUES (10, 'male', '15-29');
INSERT INTO human (human_id, gender, age) VALUES (11, 'male', '30-44');
INSERT INTO human (human_id, gender, age) VALUES (12, 'male', '0-14');
INSERT INTO human (human_id, gender, age) VALUES (13, 'male', '30-44');
INSERT INTO human (human_id, gender, age) VALUES (14, 'male', '15-29');
INSERT INTO human (human_id, gender, age) VALUES (15, 'male', '30-44');
INSERT INTO human (human_id, gender, age) VALUES (16, 'female', '0-14');
INSERT INTO human (human_id, gender, age) VALUES (17, 'female', '0-14');
INSERT INTO human (human_id, gender, age) VALUES (18, 'female', '15-29');
INSERT INTO human (human_id, gender, age) VALUES (19, 'female', '15-29');
INSERT INTO human (human_id, gender, age) VALUES (20, 'female', '30-44');
INSERT INTO human (human_id, gender, age) VALUES (21, 'female', '15-29');
INSERT INTO human (human_id, gender, age) VALUES (22, 'female', '15-29');
INSERT INTO human (human_id, gender, age) VALUES (23, 'female', '15-29');
INSERT INTO human (human_id, gender, age) VALUES (24, 'female', '15-29');
INSERT INTO human (human_id, gender, age) VALUES (25, 'female', '15-29');
INSERT INTO human (human_id, gender, age) VALUES (26, 'female', '30-44');
INSERT INTO human (human_id, gender, age) VALUES (27, 'female', '30-44');
INSERT INTO human (human_id, gender, age) VALUES (28, 'female', '15-29');
INSERT INTO human (human_id, gender, age) VALUES (29, 'female', '15-29');
INSERT INTO human (human_id, gender, age) VALUES (30, 'female', '30-44');
INSERT INTO human (human_id, gender, age) VALUES (31, 'female', '15-29');
INSERT INTO human (human_id, gender, age) VALUES (32, 'female', '15-29');
INSERT INTO human (human_id, gender, age) VALUES (33, 'female', '15-29');
INSERT INTO human (human_id, gender, age) VALUES (34, 'male', '15-29');
INSERT INTO human (human_id, gender, age) VALUES (35, 'male', '15-29');
INSERT INTO human (human_id, gender, age) VALUES (36, 'male', '0-14');
INSERT INTO human (human_id, gender, age) VALUES (37, 'male', '0-14');
INSERT INTO human (human_id, gender, age) VALUES (38, 'male', '30-44');
INSERT INTO human (human_id, gender, age) VALUES (39, 'female', '15-29');
INSERT INTO human (human_id, gender, age) VALUES (40, 'female', '15-29');


INSERT INTO suicide (suicide_id, human_id, i_state, s_year, cause_name) VALUES (1, 1, 'Islands', 2001, 'Illegitimate Pregnancy');
INSERT INTO suicide (suicide_id, human_id, i_state, s_year, cause_name) VALUES (2, 2, 'Islands', 2002, 'Bankruptcy or Sudden change in Economic');
INSERT INTO suicide (suicide_id, human_id, i_state, s_year, cause_name) VALUES (3, 3, 'Islands', 2001, 'Cancellation/Non-Settlement of Marriage');
INSERT INTO suicide (suicide_id, human_id, i_state, s_year, cause_name) VALUES (4, 4, 'Islands', 2004, 'Physical Abuse (Rape/Incest Etc.)');
INSERT INTO suicide (suicide_id, human_id, i_state, s_year, cause_name) VALUES (5, 5, 'Islands', 2005, 'Illegitimate Pregnancy');
INSERT INTO suicide (suicide_id, human_id, i_state, s_year, cause_name) VALUES (6, 6, 'Islands', 2005, 'Family Problems');
INSERT INTO suicide (suicide_id, human_id, i_state, s_year, cause_name) VALUES (7, 7, 'Islands', 2005, 'Ideological Causes/Hero Worshipping');
INSERT INTO suicide (suicide_id, human_id, i_state, s_year, cause_name) VALUES (8, 8, 'Islands', 2002, 'Other Prolonged Illness');
INSERT INTO suicide (suicide_id, human_id, i_state, s_year, cause_name) VALUES (9, 9, 'Islands', 2002, 'Property Dispute');
INSERT INTO suicide (suicide_id, human_id, i_state, s_year, cause_name) VALUES (10, 10, 'Islands', 2001, 'Fall in Social Reputation');
INSERT INTO suicide (suicide_id, human_id, i_state, s_year, cause_name) VALUES (11, 11, 'Islands', 2002, 'Illegitimate Pregnancy');
INSERT INTO suicide (suicide_id, human_id, i_state, s_year, cause_name) VALUES (12, 12, 'Islands', 2003, 'Failure in Examination');
INSERT INTO suicide (suicide_id, human_id, i_state, s_year, cause_name) VALUES (13, 13, 'Islands', 2004, 'Insanity/Mental Illness');
INSERT INTO suicide (suicide_id, human_id, i_state, s_year, cause_name) VALUES (14, 14, 'Islands', 2002, 'Love Affairs');
INSERT INTO suicide (suicide_id, human_id, i_state, s_year, cause_name) VALUES (15, 15, 'Islands', 2003, 'Professional/Career Problem');
INSERT INTO suicide (suicide_id, human_id, i_state, s_year, cause_name) VALUES (16, 16, 'Islands', 2002, 'Love Affairs');
INSERT INTO suicide (suicide_id, human_id, i_state, s_year, cause_name) VALUES (17, 17, 'Islands', 2001, 'Illegitimate Pregnancy');
INSERT INTO suicide (suicide_id, human_id, i_state, s_year, cause_name) VALUES (18, 18, 'Islands', 2001, 'Cancellation/Non-Settlement of Marriage');
INSERT INTO suicide (suicide_id, human_id, i_state, s_year, cause_name) VALUES (19, 19, 'Islands', 2003, 'Physical Abuse (Rape/Incest Etc.)');
INSERT INTO suicide (suicide_id, human_id, i_state, s_year, cause_name) VALUES (20, 20, 'Islands', 2004, 'Dowry Dispute');
INSERT INTO suicide (suicide_id, human_id, i_state, s_year, cause_name) VALUES (21, 21, 'Islands', 2003, 'Insanity/Mental Illness');
INSERT INTO suicide (suicide_id, human_id, i_state, s_year, cause_name) VALUES (22, 22, 'Islands', 2002, 'Family Problems');
INSERT INTO suicide (suicide_id, human_id, i_state, s_year, cause_name) VALUES (23, 23, 'Islands', 2004, 'Other Prolonged Illness');
INSERT INTO suicide (suicide_id, human_id, i_state, s_year, cause_name) VALUES (24, 24, 'Islands', 2002, 'Property Dispute');
INSERT INTO suicide (suicide_id, human_id, i_state, s_year, cause_name) VALUES (25, 25, 'Islands', 2002, 'Fall in Social Reputation');
INSERT INTO suicide (suicide_id, human_id, i_state, s_year, cause_name) VALUES (26, 26, 'Islands', 2005, 'Insanity/Mental Illness');
INSERT INTO suicide (suicide_id, human_id, i_state, s_year, cause_name) VALUES (27, 27, 'Islands', 2005, 'Insanity/Mental Illness');
INSERT INTO suicide (suicide_id, human_id, i_state, s_year, cause_name) VALUES (28, 28, 'Islands', 2005, 'Insanity/Mental Illness');
INSERT INTO suicide (suicide_id, human_id, i_state, s_year, cause_name) VALUES (29, 29, 'Islands', 2005, 'Insanity/Mental Illness');
INSERT INTO suicide (suicide_id, human_id, i_state, s_year, cause_name) VALUES (30, 30, 'Islands', 2001, 'Professional/Career Problem');
INSERT INTO suicide (suicide_id, human_id, i_state, s_year, cause_name) VALUES (31, 31, 'Islands', 2006, 'Insanity/Mental Illness');
INSERT INTO suicide (suicide_id, human_id, i_state, s_year, cause_name) VALUES (32, 32, 'Islands', 2006, 'Family Problems');
INSERT INTO suicide (suicide_id, human_id, i_state, s_year, cause_name) VALUES (33, 33, 'Islands', 2006, 'Other Prolonged Illness');
INSERT INTO suicide (suicide_id, human_id, i_state, s_year, cause_name) VALUES (34, 34, 'Islands', 2002, 'Family Problems');
INSERT INTO suicide (suicide_id, human_id, i_state, s_year, cause_name) VALUES (35, 35, 'Islands', 2002, 'Fall in Social Reputation');
INSERT INTO suicide (suicide_id, human_id, i_state, s_year, cause_name) VALUES (36, 36, 'Islands', 2007, 'Insanity/Mental Illness');
INSERT INTO suicide (suicide_id, human_id, i_state, s_year, cause_name) VALUES (37, 37, 'Islands', 2007, 'Fall in Social Reputation');
INSERT INTO suicide (suicide_id, human_id, i_state, s_year, cause_name) VALUES (38, 38, 'Islands', 2007, 'Fall in Social Reputation');
INSERT INTO suicide (suicide_id, human_id, i_state, s_year, cause_name) VALUES (39, 39, 'Islands', 2007, 'Insanity/Mental Illness');
INSERT INTO suicide (suicide_id, human_id, i_state, s_year, cause_name) VALUES (40, 40, 'Islands', 2007, 'Professional/Career Problem');